Componente,Varianza,% de varianza total
Tendencia,0.371756027938242,63.9%
Estacionalidad,0.01716070858719202,2.9%
Residuales,0.12194267541245131,21.0%
