Variable,VIF
log_poblacion,76.03584144935401
temp_mean,53.22447908781191
ndvi_mean,27.967244940726854
log_flujo,3.898204534085527
prec_total,1.6973991728062026
oni_anom,1.0840878361660071
