Variable,VIF
log_poblacion,35.56837558225061
ndvi_mean,22.30444472335268
temp_mean,19.211428678958885
log_flujo,3.0805228139704224
prec_total,1.6208824201046654
oni_anom,1.0599450611013836
