Variable,P1,P99,Max,Ratio_Max/P99
casos_totales,0.0,75.0,1426.0,19.013333333333332
tasa_100k,0.0,79.13873686240446,1268.9723811893505,16.034781846413154
temp_mean,13.304761904761904,30.27619047619047,34.06666666666667,1.1251966027052536
prec_total,0.0,233.0,1053.0,4.51931330472103
Flujo_in,0.0441648473,52.63777816000004,1337.5596,25.410639406821023
