Variable,Mediana,MAD,MAD_scaled,N_outliers_MAD,Pct_outliers_MAD
casos_totales,0.0,0.0,0.0,0,0.0
temp_mean,23.7,4.099999999999984,6.078659999999975,0,0.0
prec_total,25.3,24.3,36.02718,26172,4.919271469653967
ndvi_mean,0.6454017227062845,0.0807874788244991,0.11977551610520236,3173,0.3905240382130171
Flujo_in,0.35097339,0.26045659499999996,0.38615294774699993,118333,14.564097388547417
poblacion,12383.5,7373.0,10931.209799999999,90712,11.153846153846155
