Variable,Media original,Media imputados,Std original,Std imputados,KS statistic
temp_mean,22.38899427038896,22.344443855931,5.568635289128536,4.790207385770654,0.0895
prec_total,43.83018564742592,32.93464124444444,55.4139603820052,32.707011324348024,0.101
