Variable,Media original,Media imputados,Std original,Std imputados,KS statistic
temp_mean,22.38899427038896,22.319845933848214,5.568635289128536,4.719732390658449,0.0835
prec_total,43.83018564742592,33.28142404815049,55.4139603820052,33.008993005252016,
