Variable,Media original,Media imputados,Std original,Std imputados,KS statistic
temp_mean,22.388994270388956,22.344443855931008,5.568635289128537,4.790207385770653,0.0895
prec_total,43.83018564742589,32.93464124444445,55.41396038200522,32.707011324348024,0.101
