Variable,Mediana (center),IQR (scale)
temp_mean,22.85555555555557,8.867857142857147
prec_total,25.0,50.5
ndvi_mean,0.6453410342235599,0.16720273732068835
Flujo_in,0.35092292999999997,0.7868777849999999
poblacion,12383.5,18798.75
